Date,Adj Close,Close,Close,Close,Close,Close,High,High,High,High,High,Low,Low,Low,Low,Low,Open,Open,Open,Open,Open,Volume,Volume,Volume,Volume,Volume
2025-08-12,,,,,,45100.0,,,,,46275.0,,,,,44775.0,,,,,45500.0,,,,,680875.0
2025-08-13,,232.88612365722656,,339.3800048828125,43.13999938964844,44800.0,234.55294488479396,,348.9800109863281,43.529998779296875,45550.0,229.99163136972763,,338.20001220703125,42.279998779296875,44300.0,230.6304284784954,,341.5,42.47999954223633,45050.0,69878500.0,,67838900.0,525000.0,488460.0
2025-08-14,,232.33717346191406,,335.5799865722656,41.41999816894531,42925.0,234.67271834509882,,340.4700012207031,42.95000076293945,44625.0,230.41085227691244,,330.3999938964844,40.82500076293945,41925.0,233.61473725595164,,335.760009765625,42.95000076293945,44500.0,51916300.0,,75000700.0,1180600.0,628666.0
2025-08-15,,231.1494140625,,330.55999755859375,41.5,,233.834298979768,,339.29998779296875,41.869998931884766,,228.9036945156081,,327.0199890136719,41.0099983215332,,233.5548328767578,,337.6600036621094,41.45000076293945,,56038700.0,,74319800.0,550900.0,
2025-08-18,,230.45074462890625,,335.1600036621094,41.70000076293945,43975.0,232.67649791960375,,336.2699890136719,42.13999938964844,44700.0,229.6722297518056,,329.5899963378906,40.869998931884766,42600.0,231.2592012143754,,329.6199951171875,41.43000030517578,42600.0,37476200.0,,56956600.0,945700.0,484061.0
2025-08-19,,230.1213836669922,,329.30999755859375,40.119998931884766,41775.0,232.42698672077375,,340.54998779296875,41.494998931884766,44025.0,228.9136940815642,,327.8500061035156,40.11000061035156,41625.0,230.84001516813981,,335.7900085449219,41.459999084472656,43600.0,39402600.0,,75956000.0,907100.0,611661.0
2025-08-20,,225.5800323486328,,323.8999938964844,40.22999954223633,41125.0,230.0315543310328,,331.3699951171875,40.72999954223633,42600.0,225.3404986724704,,314.6000061035156,39.619998931884766,41025.0,229.54248102593337,,329.2200012207031,40.099998474121094,41775.0,42263900.0,,77481800.0,1084600.0,655275.0
2025-08-21,,224.47213745117188,,320.1099853515625,40.4900016784668,41750.0,226.08906587116957,,324.8999938964844,41.08000183105469,42200.0,223.3542730460458,,318.67999267578125,39.75,41000.0,225.8395414786139,,322.0799865722656,40.560001373291016,41200.0,30621200.0,,55744400.0,689600.0,319716.0
2025-08-22,,227.3267059326172,,340.010009765625,40.33000183105469,42500.0,228.65417758009713,,340.25,40.959999084472656,42900.0,224.98118568943215,,319.69000244140625,40.290000915527344,41800.0,225.73973438952316,,321.6600036621094,40.45000076293945,42250.0,42477800.0,,94016300.0,1068800.0,309623.0
2025-08-25,,226.7278594970703,,346.6000061035156,38.88999938964844,41025.0,228.86378779922748,,349.5299987792969,40.09000015258789,42450.0,225.79962078901826,,335.0299987792969,38.66999816894531,40825.0,226.0491451945495,,338.8999938964844,40.040000915527344,42000.0,30983100.0,,86670000.0,1220900.0,757578.0
2025-08-26,,228.87376403808594,,351.6700134277344,39.34000015258789,41825.0,229.0534295301293,,351.8999938964844,39.7400016784668,42000.0,224.26255788237486,,343.7200012207031,38.2599983215332,40500.0,226.43840339540802,,344.92999267578125,38.79999923706055,41000.0,54575100.0,,76651600.0,1297300.0,310893.0
2025-08-27,,230.05152893066406,,349.6000061035156,38.959999084472656,41200.0,230.46073738560713,,355.3900146484375,39.220001220703125,42000.0,227.82576024347395,,349.1600036621094,38.5099983215332,41100.0,228.17510050695543,,351.94000244140625,39.119998931884766,41850.0,31259500.0,,65519000.0,1013300.0,540964.0
2025-08-28,,232.11758422851562,,345.9800109863281,39.5,41575.0,232.9659733126178,,353.54998779296875,39.95000076293945,42800.0,228.90370861616245,,340.260009765625,38.95000076293945,41200.0,230.3809040856524,,350.9100036621094,39.20000076293945,41200.0,38074700.0,,67903200.0,745800.0,676839.0
2025-08-29,,231.69837951660156,,333.8699951171875,38.97999954223633,41300.0,232.9360260407387,,348.75,39.77000045776367,41800.0,230.92984008944924,,331.70001220703125,38.59000015258789,40675.0,232.0676707602769,,347.2300109863281,39.25,41575.0,39418400.0,,81145700.0,644200.0,352642.0
2025-09-01,,,,,,40450.0,,,,,41300.0,,,,,40150.0,,,,,41300.0,,,,,194705.0
2025-09-02,,229.28298950195312,,329.3599853515625,39.209999084472656,41550.0,230.4108447009183,,333.3299865722656,39.209999084472656,41650.0,226.53822101083426,,325.6000061035156,37.900001525878906,39500.0,228.81388239599917,,328.2300109863281,38.650001525878906,40425.0,44075600.0,,58392000.0,1166700.0,580675.0
2025-09-03,,238.01634216308594,,334.0899963378906,38.189998626708984,40650.0,238.395624134605,,343.3299865722656,39.2400016784668,42050.0,233.9141603097862,,328.510009765625,37.97999954223633,40150.0,236.75874463665696,,335.20001220703125,38.84000015258789,41000.0,66427800.0,,88733300.0,1249200.0,754486.0
2025-09-04,,239.3238525390625,,338.5299987792969,38.93000030517578,42525.0,239.4436193831587,,338.8900146484375,39.31999969482422,42700.0,236.28964239378743,,331.4800109863281,37.9900016784668,40425.0,237.9963808412042,,336.1499938964844,38.119998931884766,41000.0,47549400.0,,60711000.0,1273200.0,683759.0
2025-09-05,,239.2340087890625,,350.8399963378906,38.08000183105469,42875.0,240.86091270031892,,355.8699951171875,39.18000030517578,43725.0,238.03629475202086,,344.67999267578125,37.52000045776367,41600.0,239.54341659874092,,348.0,38.52000045776367,42200.0,54870400.0,,108989800.0,1711100.0,584925.0
2025-09-08,,237.42745971679688,,346.3999938964844,34.97999954223633,37860.0,239.69313028194867,,358.44000244140625,35.58000183105469,39740.0,235.89038089866295,,344.8399963378906,31.6299991607666,36400.0,238.84475646782593,,354.6400146484375,32.30500030517578,37500.0,48999500.0,,75208300.0,5014800.0,1377767.0
2025-09-09,,233.9041748046875,,346.9700012207031,35.650001525878906,38600.0,238.3257397896772,,350.7699890136719,37.03900146484375,40060.0,232.9160527142261,,343.82000732421875,35.400001525878906,38000.0,236.54912730927947,,348.44000244140625,35.560001373291016,38200.0,66313900.0,,53816000.0,1520700.0,808166.0
2025-09-10,,226.35855102539062,,347.7900085449219,38.16999816894531,41120.0,231.97784546194652,,356.3299865722656,38.72999954223633,41600.0,225.52015268533836,,346.07000732421875,36.869998931884766,38800.0,231.7482872752143,,350.54998779296875,37.099998474121094,38800.0,83440800.0,,72121700.0,1800400.0,590144.0
2025-09-11,,229.59239196777344,,368.80999755859375,37.2599983215332,40880.0,230.01159113632517,,368.989990234375,38.209999084472656,41700.0,226.21881717306923,,347.6000061035156,36.95000076293945,40600.0,226.44839058875493,,350.1700134277344,37.79999923706055,41200.0,50208600.0,,103756000.0,1275200.0,416272.0
2025-09-12,,233.62472534179688,,395.94000244140625,35.709999084472656,40200.0,234.0638755168574,,396.69000244140625,37.369998931884766,41600.0,228.58432913969838,,370.239990234375,35.66999816894531,39620.0,228.78394562468256,,370.94000244140625,37.25,41000.0,55824200.0,,168156400.0,890100.0,520388.0
2025-09-15,,236.24969482421875,,410.0400085449219,35.41999816894531,40040.0,237.7368657054393,,425.70001220703125,36.31999969482422,41000.0,234.58287368836292,,402.42999267578125,35.31999969482422,39400.0,236.54912714503797,,423.1300048828125,35.810001373291016,40500.0,42699500.0,,163823700.0,1001900.0,482501.0
2025-09-16,,237.6969451904297,,421.6199951171875,36.650001525878906,40980.0,240.76111223381088,,423.25,36.93000030517578,41500.0,235.87043992435724,,411.42999267578125,35.900001525878906,40040.0,236.72878926810645,,414.5,35.900001525878906,40400.0,63421100.0,,104285700.0,810200.0,346363.0
2025-09-17,,238.5353546142578,,425.8599853515625,36.66999816894531,40840.0,239.6432435766681,,428.30999755859375,37.25,41560.0,237.27774187166392,,409.6700134277344,36.11000061035156,40520.0,238.5153883976145,,415.75,36.349998474121094,41080.0,46508000.0,,106133500.0,928700.0,374691.0
2025-09-18,,237.42745971679688,,416.8500061035156,34.7400016784668,38060.0,240.74113579799257,,432.2200012207031,36.88999938964844,40600.0,236.199788714976,,416.55999755859375,34.380001068115234,37940.0,239.5134800259323,,428.8699951171875,36.560001373291016,40400.0,44249600.0,,90454500.0,2128500.0,985585.0
2025-09-19,,245.032958984375,,426.07000732421875,33.70000076293945,37080.0,245.83144010441063,,429.4700012207031,35.0620002746582,38920.0,239.7530294205925,,421.7200012207031,33.369998931884766,35520.0,240.77107799962133,,421.82000732421875,34.7400016784668,38200.0,163741300.0,,93131000.0,2064000.0,1321800.0
2025-09-22,,255.5928192138672,,434.2099914550781,36.5099983215332,38880.0,256.15178189089505,,444.9800109863281,38.04999923706055,41000.0,247.64797087114997,,429.1300048828125,36.11000061035156,37760.0,247.82763635806887,,431.1099853515625,37.290000915527344,38300.0,105517400.0,,97108800.0,2432000.0,982643.0
2025-09-23,,253.9459686279297,,425.8500061035156,37.34000015258789,39040.0,256.8504363399061,,440.9700012207031,38.470001220703125,40180.0,253.0975947938589,,423.7200012207031,37.15800094604492,37840.0,255.39322235208516,,439.8800048828125,37.68000030517578,40000.0,60275200.0,,83422700.0,1885000.0,922981.0
2025-09-24,,251.8300018310547,,442.7900085449219,38.04999923706055,38700.0,255.2534845023776,,444.2099914550781,40.78499984741211,40960.0,250.56241362070242,,429.0299987792969,37.88999938964844,38560.0,254.73446948849343,,429.8299865722656,40.78499984741211,40600.0,42303700.0,,93133600.0,1766600.0,855983.0
2025-09-25,,256.3813171386719,,423.3900146484375,37.029998779296875,37600.0,256.6807646844572,,435.3500061035156,37.92499923706055,38420.0,251.2311452680336,,419.0799865722656,36.56999969482422,37060.0,252.72829161839874,,435.239990234375,37.540000915527344,38420.0,55202100.0,,96746400.0,966400.0,470005.0
2025-09-26,,254.97401428222656,,440.3999938964844,36.16999816894531,38380.0,257.10994249251326,,440.4700012207031,38.40999984741211,38900.0,253.2972024297037,,421.0199890136719,36.099998474121094,37220.0,253.61660096533106,,428.29998779296875,37.0,38500.0,46076300.0,,101628200.0,1242400.0,758479.0
2025-09-29,,253.9459686279297,,443.2099914550781,35.400001525878906,37780.0,254.5148915782133,,450.9800109863281,36.310001373291016,38900.0,252.52867184357527,,439.5,35.20899963378906,37320.0,254.0757261912774,,444.3500061035156,36.310001373291016,38500.0,40127700.0,,79491500.0,988700.0,230527.0
2025-09-30,,254.14559936523438,,444.7200012207031,34.400001525878906,37380.0,255.4331385813304,,445.0,35.20000076293945,37800.0,252.6284867333586,,433.1199951171875,33.720001220703125,36320.0,254.37515755125318,,441.5199890136719,35.20000076293945,37800.0,37704300.0,,74358000.0,1504100.0,687063.0
2025-10-01,,254.9640350341797,,459.4599914550781,33.709999084472656,37000.0,258.29769267334166,,462.2900085449219,34.52299880981445,37800.0,254.44502000530687,,440.75,33.68000030517578,36920.0,254.55481135314994,,443.79998779296875,34.099998474121094,37400.0,48713900.0,,98122300.0,1266700.0,554662.0
2025-10-02,,256.6408386230469,,436.0,34.29999923706055,37160.0,257.68882891050583,,470.75,34.779998779296875,37860.0,253.66649683440303,,435.57000732421875,33.45000076293945,35940.0,256.09186667190835,,470.5400085449219,34.0,37620.0,42630200.0,,137009000.0,2254000.0,1024026.0
2025-10-03,,257.5291442871094,,429.8299865722656,34.529998779296875,36820.0,258.7468246365968,,446.7699890136719,35.52000045776367,37520.0,253.46689477740222,,416.5799865722656,34.290000915527344,36320.0,254.18552630266564,,443.2900085449219,34.31999969482422,37500.0,49155600.0,,133188200.0,1228200.0,395411.0
2025-10-06,,256.2016906738281,,453.25,35.5099983215332,37560.0,258.5771679771474,,453.54998779296875,35.79999923706055,37900.0,254.56481112131073,,436.69000244140625,34.362998962402344,36220.0,257.49920544747016,,440.75,35.0,37020.0,44664100.0,,85324900.0,896500.0,551682.0
2025-10-07,,255.99208068847656,,433.0899963378906,34.5099983215332,37520.0,256.91031341337026,,452.67999267578125,35.970001220703125,38000.0,254.94405994391948,,432.45001220703125,34.2599983215332,37100.0,256.3214394907812,,447.82000732421875,35.970001220703125,37800.0,31955800.0,,102296100.0,1034000.0,400537.0
2025-10-08,,257.5690612792969,,438.69000244140625,34.869998931884766,37720.0,258.0281776413904,,441.3299865722656,35.0099983215332,37800.0,255.62275879770374,,425.2300109863281,33.900001525878906,36500.0,256.03198246417537,,437.57000732421875,34.75,37520.0,36496900.0,,71192100.0,873700.0,701141.0
2025-10-09,,253.55670166015625,,435.5400085449219,37.27000045776367,39120.0,257.50917476461467,,436.3500061035156,37.65999984741211,40160.0,252.65841993311406,,426.17999267578125,34.959999084472656,37800.0,257.3195337882977,,431.80999755859375,34.959999084472656,37800.0,38322000.0,,69339900.0,1779300.0,792005.0
2025-10-10,,244.80340576171875,,413.489990234375,37.15999984741211,,255.8922708493858,,443.1300048828125,38.52000045776367,,243.53581752909898,,411.45001220703125,36.70600128173828,,254.45500785015722,,436.5400085449219,38.060001373291016,,61999100.0,,112107900.0,3103200.0,
2025-10-13,,247.18885803222656,,435.8999938964844,38.150001525878906,39760.0,249.2149949644775,,436.8900146484375,38.35900115966797,40420.0,245.09284695690994,,419.70001220703125,37.25,39500.0,248.90558714178317,,423.5299987792969,37.29999923706055,40100.0,38142900.0,,79552800.0,1088100.0,346165.0
2025-10-14,,247.29864501953125,,429.239990234375,35.18000030517578,38460.0,248.37659224814226,,434.20001220703125,38.709999084472656,41640.0,244.23447809703134,,417.8599853515625,34.9900016784668,37500.0,246.13087266264282,,426.7900085449219,37.25,39620.0,35478000.0,,72669400.0,2120600.0,1387831.0
2025-10-15,,248.8656463623047,,435.1499938964844,35.939998626708984,38700.0,251.3409393203658,,440.510009765625,36.95000076293945,40440.0,246.99920876557604,,426.3299865722656,35.099998474121094,38000.0,249.01537013681215,,434.8999938964844,35.689998626708984,38580.0,33893600.0,,71558200.0,1208200.0,1105332.0
2025-10-16,,246.979248046875,,428.75,35.630001068115234,39120.0,248.56621957555782,,439.3500061035156,36.38999938964844,39300.0,244.66366953460536,,421.30999755859375,35.040000915527344,38400.0,247.7777291727393,,434.7300109863281,36.099998474121094,39280.0,39777000.0,,77189900.0,708800.0,547010.0
2025-10-17,,251.81002807617188,,439.30999755859375,35.41999816894531,40260.0,252.89796599708643,,441.4599914550781,36.03499984741211,40300.0,246.79958926324147,,423.6000061035156,35.06999969482422,39100.0,247.5481624372989,,425.5,35.290000915527344,39200.0,49147000.0,,89331600.0,634500.0,362429.0
2025-10-20,,261.7411193847656,,447.42999267578125,35.15999984741211,39520.0,263.87706298772724,,449.79998779296875,36.380001068115234,41200.0,255.14370850365398,,440.6099853515625,35.0,39200.0,255.4032084113237,,443.8699951171875,35.65999984741211,40200.0,90483000.0,,63719000.0,710400.0,578784.0
2025-10-21,,262.2701110839844,,442.6000061035156,35.02000045776367,39800.0,264.7853366806196,,449.29998779296875,36.5,41640.0,261.33189684706855,,442.04998779296875,34.86000061035156,38600.0,261.38182000576944,,445.760009765625,35.43000030517578,40300.0,46695900.0,,54412200.0,864200.0,682434.0
2025-10-22,,257.9583435058594,,438.9700012207031,35.650001525878906,39820.0,262.349966966352,,445.5400085449219,36.02000045776367,40200.0,254.94406918261987,,429.0,34.599998474121094,38780.0,262.15033525743416,,443.45001220703125,35.02000045776367,39900.0,45015300.0,,84023500.0,1400000.0,894788.0
2025-10-23,,259.0861511230469,,448.9800109863281,39.7400016784668,41740.0,260.12418111371363,,449.3999938964844,39.75,42460.0,257.51916110368444,,413.8999938964844,36.56999969482422,40000.0,259.4454820834593,,420.0,37.2400016784668,40000.0,32754900.0,,126709800.0,3789400.0,751565.0
2025-10-24,,262.32000732421875,,433.7200012207031,40.029998779296875,42280.0,263.6275126875418,,451.67999267578125,41.0,44000.0,258.68691759501684,,430.1700134277344,39.28300094604492,41720.0,260.69310343226954,,446.8299865722656,40.0,41740.0,38253700.0,,94727800.0,2095200.0,623422.0
2025-10-27,,268.2986145019531,,452.4200134277344,47.5,48700.0,268.60802232244004,,460.1600036621094,50.779998779296875,51900.0,264.1465248140549,,438.69000244140625,46.73500061035156,46820.0,264.37609822840903,,439.9800109863281,49.5,47900.0,44888200.0,,105867500.0,8095000.0,1969918.0
2025-10-28,,268.4882507324219,,460.54998779296875,47.5,50625.0,269.3765722048576,,467.0,48.38999938964844,51775.0,267.63986169210665,,451.6000061035156,46.630001068115234,48020.0,268.4782600095115,,454.7799987792969,47.0,48100.0,41534800.0,,80185700.0,2135700.0,1472967.0
2025-10-29,,269.1869201660156,,461.510009765625,48.439998626708984,51975.0,270.8936584399069,,465.70001220703125,49.48500061035156,53125.0,266.6018207191691,,452.6499938964844,47.17599868774414,50000.0,268.76770579477784,,462.5,47.834999084472656,50700.0,51086700.0,,67983500.0,2130300.0,1569305.0
2025-10-30,,270.8836669921875,,440.1000061035156,47.189998626708984,51650.0,273.6184749716116,,455.05999755859375,48.400001525878906,52400.0,267.969239224885,,439.6099853515625,47.02000045776367,50625.0,271.4725408872279,,451.04998779296875,48.209999084472656,51750.0,69886500.0,,72447900.0,1062200.0,850388.0
2025-10-31,,269.85565185546875,,456.55999755859375,48.45000076293945,54600.0,276.79244258078194,,458.0,49.650001525878906,55000.0,268.647962249571,,443.69000244140625,47.369998931884766,51350.0,276.4630533049319,,446.75,47.97999954223633,51350.0,86167100.0,,83135800.0,1522500.0,1162039.0
2025-11-03,,268.53814697265625,,468.3699951171875,49.08000183105469,56050.0,270.33474092754267,,474.07000732421875,50.540000915527344,57575.0,265.74348587775046,,453.79998779296875,47.834999084472656,54600.0,269.90556627002525,,455.989990234375,49.97999954223633,54600.0,50194600.0,,84595200.0,1535700.0,1317513.0
2025-11-04,,269.5262756347656,,444.260009765625,48.58000183105469,55375.0,270.9734988318123,,460.2200012207031,49.220001220703125,56050.0,267.11086611942017,,443.6000061035156,46.689998626708984,53775.0,267.8195068636227,,454.4599914550781,47.66999816894531,55675.0,49274800.0,,87756600.0,1091900.0,978945.0
2025-11-05,,269.6260986328125,,462.07000732421875,48.58000183105469,55600.0,271.18312844251227,,466.3299865722656,49.81999969482422,57000.0,266.4221834255846,,440.7099914550781,48.474998474121094,54850.0,268.0989800730272,,452.04998779296875,49.81999969482422,55400.0,43683100.0,,85573000.0,1039000.0,875786.0
2025-11-06,,269.25677490234375,,445.9100036621094,48.310001373291016,54625.0,272.8798740142925,,467.45001220703125,49.29999923706055,56525.0,267.38037702601645,,435.0899963378906,47.90999984741211,54250.0,267.38037702601645,,461.9599914550781,49.22999954223633,55700.0,51204000.0,,109622900.0,561300.0,279301.0
2025-11-07,,267.9592590332031,,429.5199890136719,48.099998474121094,54300.0,271.7719991063764,,439.3599853515625,48.83000183105469,55075.0,266.26248096015127,,421.8800048828125,46.90999984741211,53000.0,269.28671541495146,,437.9200134277344,48.099998474121094,54575.0,48227400.0,,103471500.0,993700.0,848510.0
2025-11-10,,269.1781311035156,,445.2300109863281,49.099998474121094,55875.0,273.4741297822401,,449.6700134277344,49.54999923706055,55950.0,267.20997142836535,,433.3599853515625,47.709999084472656,53125.0,268.7085692371889,,439.6000061035156,49.05500030517578,54750.0,41312400.0,,76515900.0,899100.0,864161.0
2025-11-11,,274.99267578125,,439.6199951171875,50.86000061035156,56050.0,275.65206242273547,,442.489990234375,51.369998931884766,56675.0,269.5477586519058,,432.3599853515625,49.2599983215332,55000.0,269.55775905965567,,439.3999938964844,49.720001220703125,55800.0,46208300.0,,60533200.0,1821600.0,392588.0
2025-11-12,,273.21435546875,,430.6000061035156,49.5099983215332,55875.0,275.4722525277038,,442.3299865722656,52.650001525878906,56475.0,271.4460210796085,,426.55999755859375,49.47999954223633,55275.0,274.74292397164845,,442.1499938964844,52.40999984741211,55550.0,48398000.0,,58513500.0,1938200.0,465748.0
2025-11-13,,272.6948547363281,,401.989990234375,47.54999923706055,54975.0,276.4413491841305,,424.5,50.0,56300.0,271.83564282199285,,396.3399963378906,47.33000183105469,54400.0,273.85374352181776,,423.1300048828125,50.0,55875.0,49602800.0,,118948000.0,1405000.0,399136.0
2025-11-14,,272.15533447265625,,404.3500061035156,48.84000015258789,58150.0,275.70200347225597,,412.19000244140625,50.189998626708984,59300.0,269.3479639093673,,382.7799987792969,47.0,53000.0,270.7965900477885,,386.29998779296875,47.5099983215332,54675.0,47431300.0,,105506700.0,1139800.0,798922.0
2025-11-17,,267.2099609375,,408.9200134277344,49.029998779296875,56850.0,270.2371271729127,,423.9599914550781,49.84000015258789,58575.0,265.48159771217263,,398.739990234375,48.529998779296875,56725.0,268.5687054184609,,398.739990234375,49.04999923706055,58200.0,45018300.0,,102214300.0,745400.0,501962.0
2025-11-18,,267.19000244140625,,401.25,49.939998626708984,57775.0,270.4569347049811,,408.8999938964844,50.400001525878906,57975.0,265.0719890725528,,393.7099914550781,47.709999084472656,55225.0,269.7376065335732,,405.3800048828125,48.25,56900.0,45677300.0,,80688600.0,964400.0,449909.0
2025-11-19,,268.3089294433594,,403.989990234375,51.08000183105469,56550.0,271.9555110777923,,411.7799987792969,51.150001525878906,58000.0,265.2517925781922,,398.5,48.68000030517578,56425.0,265.2817633125939,,406.17999267578125,49.209999084472656,57100.0,40424500.0,,72047700.0,1118600.0,450406.0
2025-11-20,,266.0010986328125,,395.2300109863281,49.91999816894531,55800.0,275.17250947675234,,428.94000244140625,52.099998474121094,57800.0,265.67142054546326,,394.739990234375,49.79999923706055,55000.0,270.5768036466949,,414.6300048828125,51.349998474121094,56725.0,45823600.0,,113548800.0,1050300.0,500241.0
2025-11-21,,271.2361755371094,,391.0899963378906,48.209999084472656,53975.0,273.0744516711978,,402.79998779296875,49.540000915527344,55950.0,265.4216397990326,,383.760009765625,47.31999969482422,53300.0,265.70137680880595,,402.32000732421875,49.5,55950.0,59030800.0,,100460600.0,885000.0,236215.0
2025-11-24,,275.6620788574219,,417.7799987792969,48.209999084472656,,276.7410558404627,,421.7200012207031,48.4900016784668,,270.64675212306133,,401.0899963378906,47.29499816894531,,270.64675212306133,,402.1700134277344,48.4900016784668,,65585800.0,,96806400.0,686100.0,
2025-11-25,,276.7110900878906,,419.3999938964844,47.38999938964844,54575.0,280.1179060838009,,420.4800109863281,48.400001525878906,56000.0,274.9926967216935,,405.95001220703125,46.540000915527344,52500.0,275.012667049666,,414.4200134277344,47.77000045776367,53700.0,46914200.0,,71915600.0,942900.0,769108.0
2025-11-26,,277.29052734375,,426.5799865722656,48.529998779296875,55725.0,279.26868736786383,,426.94000244140625,48.869998931884766,56000.0,276.3714044558947,,416.8900146484375,47.95000076293945,54000.0,276.70108254872224,,423.95001220703125,48.400001525878906,54025.0,33431400.0,,63463000.0,1115400.0,416741.0
2025-11-27,,,,,,56175.0,,,,,56775.0,,,,,55800.0,,,,,55850.0,,,,,106514.0
2025-11-28,,278.5893249511719,,430.1700134277344,49.15999984741211,56100.0,278.73917862681736,,432.92999267578125,49.7400016784668,56675.0,275.73198274965245,,426.20001220703125,48.70000076293945,55800.0,277.0008150112318,,426.5899963378906,48.70000076293945,56100.0,20135600.0,,36252900.0,522100.0,333014.0
2025-12-01,,282.8353576660156,,430.1400146484375,49.09000015258789,55700.0,283.1550658399818,,433.6600036621094,49.900001525878906,56500.0,275.88187257202503,,425.2900085449219,48.79999923706055,55325.0,277.75011957449965,,425.32000732421875,49.02000045776367,56100.0,46587700.0,,57463600.0,561600.0,102168.0
2025-12-02,,285.9224548339844,,429.239990234375,49.9900016784668,55575.0,287.1313151163589,,436.79998779296875,50.810001373291016,56400.0,282.36578537497866,,422.1199951171875,48.66999816894531,55250.0,282.7354345985028,,430.80999755859375,49.41999816894531,55775.0,53669500.0,,69336600.0,876300.0,350907.0
2025-12-03,,283.8843688964844,,446.739990234375,53.29999923706055,56700.0,288.35019153510143,,447.9200134277344,53.439998626708984,56875.0,283.0351573834178,,431.1099853515625,50.0,55500.0,285.9324708384744,,432.1000061035156,50.43000030517578,55700.0,43538700.0,,87483000.0,1408200.0,104176.0
2025-12-04,,280.4375915527344,,454.5299987792969,51.790000915527344,55950.0,284.46382276925783,,454.6300048828125,54.5,57500.0,278.32954829392816,,445.3900146484375,51.380001068115234,55875.0,283.83440686502166,,449.94000244140625,54.0,56725.0,43989100.0,,71906500.0,1121500.0,321298.0
2025-12-05,,278.5193786621094,,455.0,50.880001068115234,54975.0,280.8771882481053,,458.8699951171875,53.720001220703125,57100.0,277.79005013345267,,451.6600036621094,50.84000015258789,54750.0,280.27774306596746,,453.0299987792969,53.29999923706055,56225.0,47265800.0,,56427500.0,1129700.0,417812.0
2025-12-08,,277.6302185058594,,439.5799865722656,50.900001525878906,,279.4085531850005,,449.75,51.04999923706055,,275.8918244790692,,435.25,50.0,,277.86998437615557,,447.45001220703125,51.04999923706055,,38211800.0,,69165800.0,358800.0,
2025-12-09,,276.9208679199219,,445.1700134277344,51.150001525878906,53950.0,279.7682096639769,,452.3900146484375,51.94499969482422,55350.0,276.6611317163261,,435.70001220703125,50.76499938964844,53300.0,277.8999627322321,,437.5400085449219,50.77000045776367,55000.0,32193300.0,,62367400.0,418300.0,232614.0
2025-12-10,,278.5193786621094,,451.45001220703125,51.43000030517578,54400.0,279.48847306800184,,456.8800048828125,51.88999938964844,54850.0,276.1815698919154,,443.6099853515625,50.53900146484375,53250.0,277.490342786908,,446.07000732421875,51.25,53300.0,33038300.0,,63257500.0,558200.0,282757.0
2025-12-11,,277.77008056640625,,446.8900146484375,49.91999816894531,53350.0,279.3286197507982,,449.2699890136719,51.310001373291016,54375.0,273.5540244422053,,440.3299865722656,49.31399917602539,52625.0,278.83908758708685,,448.95001220703125,50.650001525878906,54375.0,33248000.0,,55979500.0,673100.0,394731.0
2025-12-12,,278.0198669433594,,458.9599914550781,49.459999084472656,52850.0,278.9589906850317,,463.010009765625,50.4900016784668,54000.0,276.5612402656973,,441.6700134277344,48.70000076293945,52400.0,277.64021728323,,448.0899963378906,49.939998626708984,53850.0,39532900.0,,95656700.0,386400.0,273607.0
2025-12-15,,273.8537292480469,,475.30999755859375,49.27000045776367,53550.0,279.8880911943856,,481.7699890136719,49.599998474121094,53900.0,272.5849275039148,,467.6600036621094,48.529998779296875,52500.0,279.8880911943856,,469.44000244140625,49.20000076293945,53200.0,50409100.0,,114542200.0,425500.0,389814.0
2025-12-16,,274.353271484375,,489.8800048828125,46.810001373291016,53200.0,275.2424541197232,,491.5,48.869998931884766,54350.0,271.53593087885605,,465.8299865722656,46.52000045776367,52275.0,272.5649667835892,,472.2099914550781,48.470001220703125,53600.0,37648600.0,,107608100.0,866600.0,210964.0
2025-12-17,,271.58587646484375,,467.260009765625,45.900001525878906,53200.0,275.90184538512057,,495.2799987792969,47.869998931884766,54050.0,271.38608172110213,,466.20001220703125,45.34000015258789,52550.0,274.75292651919426,,488.2200012207031,47.86000061035156,53275.0,50138700.0,,106490400.0,843500.0,318957.0
2025-12-18,,271.935546875,,483.3699951171875,46.31999969482422,54750.0,273.374203136776,,490.8599853515625,47.099998474121094,55000.0,266.7004552212896,,473.1199951171875,45.630001068115234,51650.0,273.35420232069225,,478.1600036621094,46.20000076293945,52900.0,51630700.0,,95168400.0,981400.0,479210.0
2025-12-19,,273.4141845703125,,481.20001220703125,46.38999938964844,54675.0,274.34330788170604,,490.489990234375,47.20000076293945,55750.0,269.64768928264715,,474.7200012207031,46.08000183105469,54600.0,271.8955859651445,,488.1199951171875,46.810001373291016,54900.0,144632000.0,,103305400.0,515000.0,309999.0
2025-12-22,,270.7166748046875,,488.7300109863281,46.58000183105469,55125.0,273.62395794129594,,498.8299865722656,48.20000076293945,55625.0,270.25711338978425,,485.3299865722656,46.560001373291016,54900.0,272.6048920133635,,489.8800048828125,47.5,55000.0,36571800.0,,86916100.0,619300.0,212463.0
2025-12-23,,272.1053771972656,,485.55999755859375,47.13999938964844,55100.0,272.2452609569047,,491.9700012207031,47.67100143432617,56450.0,269.30800689497966,,482.8399963378906,46.400001525878906,54900.0,270.5868091030317,,489.3999938964844,46.5,55100.0,29642000.0,,58223600.0,424000.0,281417.0
2025-12-24,,273.55401611328125,,485.3999938964844,47.290000915527344,54900.0,275.17249671786806,,490.8999938964844,47.65999984741211,55600.0,271.9455359163183,,476.79998779296875,46.75,54550.0,272.085389177814,,488.4800109863281,46.88999938964844,55200.0,17910600.0,,41285400.0,117500.0,27914.0
2025-12-26,,273.1444091796875,,475.19000244140625,47.459999084472656,54600.0,275.1125687682936,,489.0899963378906,47.90999984741211,55425.0,272.6049054553,,473.82000732421875,46.619998931884766,54500.0,273.9037084592662,,485.2300109863281,47.02000045776367,54900.0,21521800.0,,58780700.0,553500.0,148572.0
2025-12-29,,273.50408935546875,,459.6400146484375,47.91999816894531,55850.0,274.10350406329195,,469.3999938964844,48.4900016784668,56850.0,272.0954038139857,,459.0,47.54999923706055,55025.0,272.4350823114352,,469.0,47.599998474121094,55025.0,23715200.0,,66263000.0,479500.0,391425.0
2025-12-30,,272.82470703125,,454.42999267578125,48.470001220703125,54600.0,273.82377221524894,,463.1199951171875,48.74800109863281,56275.0,272.02546707967076,,453.8299865722656,47.97999954223633,54450.0,272.5549704076282,,461.0899963378906,48.310001373291016,55900.0,22139600.0,,59238500.0,297100.0,427214.0
2025-12-31,,271.6058349609375,,449.7200012207031,48.65999984741211,,273.42414083736213,,456.54998779296875,49.2599983215332,,271.49595243002375,,449.29998779296875,48.16999816894531,,272.80472532736104,,456.1000061035156,48.65999984741211,,27293600.0,,49078000.0,391300.0,
2026-01-02,,270.75665283203125,,438.07000732421875,48.810001373291016,56450.0,277.58025431004916,,458.3399963378906,49.689998626708984,56575.0,268.7485221479618,,435.29998779296875,47.81999969482422,54550.0,272.0054842546519,,457.79998779296875,48.599998474121094,55550.0,37838100.0,,85535400.0,505100.0,210871.0
2026-01-05,,267.0101623535156,,451.6700134277344,47.27000045776367,55275.0,271.25618925068443,,457.54998779296875,49.0,56300.0,265.89121426121545,,444.57000732421875,46.20100021362305,54175.0,270.38700744645297,,447.989990234375,48.77000045776367,56100.0,45647200.0,,67940800.0,1535800.0,408349.0
2026-01-06,,262.1147155761719,,432.9599914550781,45.88999938964844,54375.0,267.2998660934885,,448.25,48.30099868774414,56225.0,261.8749496989937,,428.7799987792969,45.875,54200.0,266.7503924619391,,446.3800048828125,47.70000076293945,55550.0,52352100.0,,89093800.0,746300.0,463773.0
2026-01-07,,260.08660888671875,,431.4100036621094,43.880001068115234,51100.0,263.4334831315393,,438.3699951171875,46.04999923706055,53925.0,259.56710600115036,,431.2900085449219,43.709999084472656,51000.0,262.95395138764474,,435.8999938964844,45.90999984741211,53900.0,48309800.0,,59828800.0,1486800.0,767522.0
2026-01-08,,258.7978515625,,435.79998779296875,45.2599983215332,51925.0,259.0476178563403,,436.8900146484375,45.709999084472656,52000.0,255.46096229095477,,424.3699951171875,44.04499816894531,50750.0,256.7797203952787,,427.8900146484375,44.150001525878906,51000.0,50419300.0,,57041100.0,849400.0,474767.0
2026-01-09,,259.1275329589844,,445.010009765625,46.16999816894531,51875.0,259.9667440583015,,449.04998779296875,46.470001220703125,52675.0,255.98048371428257,,430.3900146484375,44.790000915527344,51250.0,258.8377955175017,,435.95001220703125,45.220001220703125,51900.0,39997000.0,,67331500.0,655000.0,408579.0
2026-01-12,,260.0067138671875,,448.9599914550781,47.93000030517578,51750.0,261.05572011368304,,454.29998779296875,48.38999938964844,52250.0,256.5599267903311,,438.0,46.63999938964844,51150.0,258.9177364764393,,441.2300109863281,46.880001068115234,51900.0,45263800.0,,61649600.0,887000.0,388088.0
2026-01-13,,260.8059387207031,,447.20001220703125,49.95000076293945,52825.0,261.56523797230057,,451.80999755859375,50.27000045776367,53150.0,258.148452318208,,443.95001220703125,48.11000061035156,51750.0,258.4781303943212,,450.20001220703125,48.5,51750.0,45730800.0,,53719200.0,1407800.0,506779.0
2026-01-14,,259.71697998046875,,439.20001220703125,48.97999954223633,52825.0,261.57525710051715,,443.9100036621094,51.0,53875.0,256.4700180914029,,434.2200012207031,48.84000015258789,52750.0,259.247418118488,,442.80999755859375,50.04999923706055,52975.0,40019400.0,,57259500.0,1006400.0,363990.0
2026-01-15,,257.9685974121094,,438.57000732421875,48.849998474121094,51825.0,260.7959687899761,,445.3599853515625,49.33000183105469,53000.0,256.8096782083212,,437.6499938964844,47.779998779296875,51550.0,260.40631875644857,,441.1300048828125,48.20000076293945,52825.0,39388600.0,,49465800.0,572300.0,209539.0
2026-01-16,,255.29112243652344,,437.5,49.040000915527344,52150.0,258.6579671912775,,447.25,49.75,52775.0,254.69167723491495,,435.260009765625,48.34000015258789,51425.0,257.6589020182799,,439.5,49.09000015258789,51800.0,72142800.0,,60220600.0,414900.0,173505.0
2026-01-19,,,,,,51625.0,,,,,52100.0,,,,,51200.0,,,,,52100.0,,,,,51449.0
2026-01-20,,246.46937561035156,,419.25,49.45000076293945,52675.0,254.55180921698133,,430.7300109863281,49.939998626708984,53250.0,243.19244305608962,,417.44000244140625,48.34000015258789,50650.0,252.49373739571587,,429.3599853515625,48.68000030517578,51575.0,80267500.0,,63187300.0,771100.0,329267.0
2026-01-21,,247.41848754882812,,431.44000244140625,52.43000030517578,54000.0,251.3248360900433,,438.20001220703125,52.43000030517578,54250.0,244.9507953165175,,419.6199951171875,50.0,52800.0,248.46750904444812,,421.6600036621094,50.0,52800.0,54641700.0,,68124000.0,1028800.0,261460.0
2026-01-22,,248.1178436279297,,449.3599853515625,51.599998474121094,53825.0,250.76536025794266,,449.5,52.9010009765625,54600.0,247.9180183962477,,432.6300048828125,50.72999954223633,53275.0,248.96703988447874,,435.1600036621094,52.040000915527344,53975.0,39708300.0,,71546700.0,685100.0,285357.0
2026-01-23,,247.80812072753906,,449.05999755859375,52.900001525878906,55150.0,249.17685039145397,,452.42999267578125,53.529998779296875,55650.0,244.45126111041233,,444.0400085449219,52.13999938964844,53550.0,247.08880782235642,,447.42999267578125,52.790000915527344,53900.0,41689000.0,,56771400.0,631000.0,331418.0
2026-01-26,,255.17123413085938,,435.20001220703125,54.099998474121094,55275.0,256.32015295784896,,445.0400085449219,54.7599983215332,56500.0,249.5664780183616,,434.2799987792969,52.29999923706055,54850.0,251.24490015634893,,445.0,53.369998931884766,55075.0,55969200.0,,49397400.0,971100.0,327815.0
2026-01-27,,258.0285339355469,,430.8999938964844,57.470001220703125,57725.0,261.70511669708895,,437.5199890136719,57.630001068115234,57800.0,257.96859246831417,,430.69000244140625,54.72999954223633,55175.0,258.92771692213245,,437.4100036621094,54.72999954223633,55300.0,49648300.0,,37733100.0,2059200.0,539366.0
2026-01-28,,256.2002868652344,,431.4599914550781,59.439998626708984,58050.0,258.61800761819165,,438.260009765625,59.5,58650.0,254.27208306792676,,430.1000061035156,57.72200012207031,57250.0,257.409147241713,,431.9100036621094,58.130001068115234,57750.0,41288000.0,,54857400.0,1431000.0,365242.0
2026-01-29,,258.0385437011719,,416.55999755859375,60.59000015258789,59075.0,259.4072580677027,,440.2300109863281,60.689998626708984,59500.0,254.17216647920577,,414.6199951171875,58.25,57000.0,257.75880668092503,,437.79998779296875,60.130001068115234,58400.0,67253000.0,,81686100.0,2048700.0,515182.0
2026-01-30,,259.2374267578125,,430.4100036621094,60.4900016784668,59700.0,261.6551472598355,,439.8800048828125,61.220001220703125,60600.0,251.94423313215475,,422.70001220703125,59.099998474121094,58400.0,254.93144331105526,,425.3500061035156,59.91999816894531,58975.0,92443400.0,,82626100.0,1416800.0,652002.0
2026-02-02,,269.7575988769531,,421.80999755859375,60.22999954223633,57975.0,270.2371306501278,,427.1499938964844,62.41999816894531,59300.0,258.9676766447768,,414.5,59.066001892089844,57200.0,259.7869174093499,,421.2900085449219,60.04999923706055,58200.0,73913400.0,,58739500.0,1683100.0,311206.0
2026-02-03,,269.22808837890625,,421.9599914550781,56.0,57125.0,271.6258386480508,,428.55999755859375,56.29999923706055,58200.0,267.3598109321867,,413.69000244140625,54.96500015258789,56225.0,268.9483513556569,,424.2699890136719,56.224998474121094,57950.0,64394700.0,,56886500.0,6547700.0,394454.0
2026-02-04,,276.23150634765625,,406.010009765625,56.84000015258789,58375.0,278.68922850453845,,423.8999938964844,57.290000915527344,59000.0,272.03545112075,,399.17999267578125,55.369998931884766,57000.0,272.03545112075,,420.4599914550781,56.43000030517578,57800.0,90545700.0,,74606900.0,2151900.0,342545.0
2026-02-05,,275.6520690917969,,397.2099914550781,54.13999938964844,56425.0,279.2387093202658,,402.1000061035156,56.38999938964844,58500.0,272.97458180817284,,387.5299987792969,53.790000915527344,56200.0,277.86999494352693,,397.0199890136719,55.720001220703125,58000.0,52977400.0,,72819800.0,1975900.0,295024.0
2026-02-06,,277.8599853515625,,411.1099853515625,55.939998626708984,56900.0,280.6473855638201,,414.54998779296875,55.9900016784668,58300.0,276.67109542368036,,397.75,54.70199966430664,56500.0,276.8609202349588,,400.8699951171875,54.775001525878906,56500.0,50453400.0,,62677100.0,791600.0,237741.0
2026-02-09,,274.6199951171875,,417.32000732421875,55.599998474121094,56675.0,278.20001220703125,,421.25,56.04999923706055,57500.0,271.70001220703125,,407.2900085449219,54.62200164794922,55350.0,277.9100036621094,,409.9100036621094,55.189998626708984,56900.0,44623400.0,,54484300.0,848300.0,381759.0
2026-02-10,,273.67999267578125,,425.2099914550781,55.869998931884766,58125.0,275.3699951171875,,427.25,56.380001068115234,58600.0,272.94000244140625,,417.0,54.882999420166016,55550.0,274.8900146484375,,418.0799865722656,55.0,56675.0,34376900.0,,64450200.0,821200.0,369106.0
2026-02-11,,275.5,,428.2699890136719,56.04999923706055,57725.0,280.17999267578125,,436.3500061035156,56.9900016784668,58900.0,274.45001220703125,,420.0299987792969,55.0,57100.0,274.70001220703125,,427.9599914550781,56.939998626708984,58900.0,51931300.0,,57362000.0,725700.0,272808.0
2026-02-12,,261.7300109863281,,417.07000732421875,53.83000183105469,55250.0,275.7200012207031,,436.2300109863281,56.060001373291016,58150.0,260.17999267578125,,414.0,53.09000015258789,54875.0,275.6000061035156,,430.3500061035156,56.0,57725.0,71430852.0,,61297276.0,821704.0,267085.0
